customer_id,name,gender,birthday,nationality,passport_no,address,email,tel,preference
1,Ada Abbe,Female,1985/8/8,USA,TK9872822,Wall Stree 001,hogehoge_01@customer.com,000-0000-0001,swimming
2,Adah Abbett,Female,1985/8/9,China,TK8998233,Wall Stree 002,hogehoge_02@customer.com,000-0000-0002,swimming
3,Addyson Abbey,Female,1985/8/10,Japan,TK9833923,Wall Stree 003,hogehoge_03@customer.com,000-0000-0003,swimming
4,Adela Abbitt,Female,1985/8/11,Taiwan,TK1066961,Wall Stree 004,hogehoge_04@customer.com,000-0000-0004,swimming
5,Adele Abbot,Female,1985/8/12,South Africa,TK1150530,Wall Stree 005,hogehoge_05@customer.com,000-0000-0005,swimming
6,Adelina Abbott,Female,1985/8/13,USA,TK1234099,Wall Stree 006,hogehoge_06@customer.com,000-0000-0006,swimming
7,Adeline Abbs,Female,1985/8/14,USA,TK1317668,Wall Stree 007,hogehoge_07@customer.com,000-0000-0007,swimming
8,Adelle Abby,Female,1985/8/15,USA,TG1401237,Wall Stree 008,hogehoge_08@customer.com,000-0000-0008,swimming
9,Adilene Abdon,Female,1985/8/16,USA,TG1484806,Wall Stree 009,hogehoge_09@customer.com,000-0000-0009,swimming
10,Adria Able,Female,1985/8/17,USA,TG1568375,Wall Stree 010,hogehoge_10@customer.com,000-0000-0010,swimming
11,Adriane Abner,Female,1985/8/18,USA,TG1651944,Wall Stree 011,hogehoge_11@customer.com,000-0000-0011,swimming
12,Adrianne Abney,Female,1985/8/19,USA,TG1735513,Wall Stree 012,hogehoge_12@customer.com,000-0000-0012,swimming
13,Adrien Aborn,Female,1985/8/20,USA,TG1819082,Wall Stree 013,hogehoge_13@customer.com,000-0000-0013,swimming
14,Adriene Abrahams,Female,1985/8/21,USA,TG1902651,Wall Stree 014,hogehoge_14@customer.com,000-0000-0014,swimming
15,Adrina Abram,Female,1985/8/22,USA,TG1986220,Wall Stree 015,hogehoge_15@customer.com,000-0000-0015,swimming
16,Adyson Abrams,Female,1985/8/23,USA,TG2069789,Wall Stree 016,hogehoge_16@customer.com,000-0000-0016,swimming
17,Afton Abramson,Female,1985/8/24,China,TG2153358,Wall Stree 017,hogehoge_17@customer.com,000-0000-0017,swimming
18,Agate Ace,Female,1985/8/25,China,TG2236927,Wall Stree 018,hogehoge_18@customer.com,000-0000-0018,swimming
19,Aida Acey,Female,1985/8/26,China,TG2320496,Wall Stree 019,hogehoge_19@customer.com,000-0000-0019,swimming
20,Airiana Acker,Female,1985/8/27,China,TG2404065,Wall Stree 020,hogehoge_20@customer.com,000-0000-0020,swimming
21,Alberta Ackerley,Female,1982/10/21,China,TG2487634,Wall Stree 021,hogehoge_21@customer.com,000-0000-0021,swimming
22,Aldora Ackerly,Female,1982/10/22,China,TG2571203,Wall Stree 022,hogehoge_22@customer.com,000-0000-0022,swimming
23,Alfreda Ackerman,Female,1982/10/23,China,TG2654772,Wall Stree 023,hogehoge_23@customer.com,000-0000-0023,swimming
24,Alice Ackers,Female,1982/10/24,China,TG2738341,Wall Stree 024,hogehoge_24@customer.com,000-0000-0024,swimming
25,Alicen Ackert,Female,1982/10/25,China,TG2821910,Wall Stree 025,hogehoge_25@customer.com,000-0000-0025,drinking
26,Alicia Ackland,Female,1982/10/26,China,TC2905479,Wall Stree 026,hogehoge_26@customer.com,000-0000-0026,drinking
27,Alicja Ackley,Female,1982/10/27,Japan,TC2989048,Wall Stree 027,hogehoge_27@customer.com,000-0000-0027,drinking
28,Alicyn Acklin,Female,1982/10/28,Japan,TC3072617,Wall Stree 028,hogehoge_28@customer.com,000-0000-0028,drinking
29,Alina Ackroyd,Female,1982/10/29,Japan,TC3156186,Wall Stree 029,hogehoge_29@customer.com,000-0000-0029,drinking
30,Alisha Acock,Female,1982/10/30,Japan,TC3239755,Wall Stree 030,hogehoge_30@customer.com,000-0000-0030,drinking
31,Alishia Acomb,Female,1982/10/31,Japan,TC3323324,Wall Stree 031,hogehoge_31@customer.com,000-0000-0031,drinking
32,Alisia Acors,Female,1982/11/1,Japan,TC3406893,Wall Stree 032,hogehoge_32@customer.com,000-0000-0032,drinking
33,Alison Acre,Female,1982/11/2,Japan,TC3490462,Wall Stree 033,hogehoge_33@customer.com,000-0000-0033,drinking
34,Alisyn Acreman,Female,1982/11/3,Japan,TC3574031,Wall Stree 034,hogehoge_34@customer.com,000-0000-0034,drinking
35,Allicia Acres,Female,1982/11/4,Japan,TC3657600,Wall Stree 035,hogehoge_35@customer.com,000-0000-0035,drinking
36,Allisha Acton,Female,1982/11/5,Japan,TC3741169,Wall Stree 036,hogehoge_36@customer.com,000-0000-0036,drinking
37,Allison Acuff,Female,1982/11/6,Japan,TC3824738,Wall Stree 037,hogehoge_37@customer.com,000-0000-0037,drinking
38,Allisyn Acy,Female,1982/11/7,Japan,TC3908307,Wall Stree 038,hogehoge_38@customer.com,000-0000-0038,drinking
39,Allysen Adams,Female,1982/11/8,Japan,TC3991876,Wall Stree 039,hogehoge_39@customer.com,000-0000-0039,drinking
40,Allyson Adcock,Female,1982/11/9,Japan,TC4075445,Wall Stree 040,hogehoge_40@customer.com,000-0000-0040,drinking
41,Alodie Adcox,Female,1982/11/10,Japan,TC4159014,Wall Stree 041,hogehoge_41@customer.com,000-0000-0041,drinking
42,Alonsa Addams,Female,1982/11/11,Japan,TC4242583,Wall Stree 042,hogehoge_42@customer.com,000-0000-0042,drinking
43,Alonza Adderley,Female,1982/11/12,Japan,TC4326152,Wall Stree 043,hogehoge_43@customer.com,000-0000-0043,drinking
44,Alvina Adderly,Female,1982/11/13,Japan,TC4409721,Wall Stree 044,hogehoge_44@customer.com,000-0000-0044,drinking
45,Alyna Addicott,Female,1982/11/14,Japan,TC4493290,Wall Stree 045,hogehoge_45@customer.com,000-0000-0045,drinking
46,Alyshia Addington,Female,1982/11/15,Japan,TC4576859,Wall Stree 046,hogehoge_46@customer.com,000-0000-0046,drinking
47,Alyson Addis,Female,1982/11/16,Japan,TC4660428,Wall Stree 047,hogehoge_47@customer.com,000-0000-0047,drinking
48,Amy Addison,Female,1982/11/17,Japan,TC4743997,Wall Stree 048,hogehoge_48@customer.com,000-0000-0048,drinking
49,Anabel Addy,Female,1982/11/18,USA,TC4827566,Wall Stree 049,hogehoge_49@customer.com,000-0000-0049,drinking
50,Anabelle Ade,Female,1982/11/19,USA,TC4911135,Wall Stree 050,hogehoge_50@customer.com,000-0000-0050,drinking
51,Audey Adee,Female,1982/11/20,USA,TC4994704,Wall Stree 051,hogehoge_51@customer.com,000-0000-0051,drinking
52,Audreanne Ades,Female,1982/11/21,USA,TC5078273,Wall Stree 052,hogehoge_52@customer.com,000-0000-0052,drinking
53,Audree Adey,Female,1982/11/22,USA,TC5161842,Wall Stree 053,hogehoge_53@customer.com,000-0000-0053,drinking
54,Audrey Adgate,Female,1982/11/23,USA,TC5245411,Wall Stree 054,hogehoge_54@customer.com,000-0000-0054,drinking
55,Audrey Ann Adkins,Female,1982/11/24,USA,TC5328980,Wall Stree 055,hogehoge_55@customer.com,000-0000-0055,drinking
56,Audrey Anne Adkinson,Female,1982/11/25,USA,TC5412549,Wall Stree 056,hogehoge_56@customer.com,000-0000-0056,drinking
57,Audrey Maud Adley,Female,1982/11/26,USA,AC5496118,Wall Stree 057,hogehoge_57@customer.com,000-0000-0057,drinking
58,Audrey Maude Adney,Female,1982/11/27,USA,AC5579687,Wall Stree 058,hogehoge_58@customer.com,000-0000-0058,drinking
59,Audriana Adrian,Female,1982/11/28,USA,AC5663256,Wall Stree 059,hogehoge_59@customer.com,000-0000-0059,drinking
60,Audrianna Aduddell,Female,1982/11/29,USA,AC5746825,Wall Stree 060,hogehoge_60@customer.com,000-0000-0060,drinking
61,Audrie Adwell,Female,1982/11/30,USA,AC5830394,Wall Stree 061,hogehoge_61@customer.com,000-0000-0061,drinking
62,Audrina Ady,Female,1982/12/1,USA,AC5913963,Wall Stree 062,hogehoge_62@customer.com,000-0000-0062,drinking
63,Audry Afton,Female,1982/12/2,USA,AC5997532,Wall Stree 063,hogehoge_63@customer.com,000-0000-0063,drinking
64,Avaline Agar,Female,1982/12/3,USA,AC6081101,Wall Stree 064,hogehoge_64@customer.com,000-0000-0064,drinking
65,Averi Agard,Female,1982/12/4,USA,AC6164670,Wall Stree 065,hogehoge_65@customer.com,000-0000-0065,drinking
66,Averie Agate,Female,1982/12/5,USA,AC6248239,Wall Stree 066,hogehoge_66@customer.com,000-0000-0066,drinking
67,Aysia Age,Female,1982/12/6,USA,AC6331808,Wall Stree 067,hogehoge_67@customer.com,000-0000-0067,drinking
68,Bailee Ager,Female,1982/12/7,USA,AC6415377,Wall Stree 068,hogehoge_68@customer.com,000-0000-0068,drinking
69,Baileigh Agers,Female,1982/12/8,China,AC6498946,Wall Stree 069,hogehoge_69@customer.com,000-0000-0069,drinking
70,Bailey Aguillard,Female,1982/12/9,China,AC6582515,Wall Stree 070,hogehoge_70@customer.com,000-0000-0070,drinking
71,Baili Ailes,Female,1982/12/10,China,AC6666084,Wall Stree 071,hogehoge_71@customer.com,000-0000-0071,drinking
72,Bailie Ailey,Female,1982/12/11,China,AC6749653,Wall Stree 072,hogehoge_72@customer.com,000-0000-0072,drinking
73,Baillie Ailstock,Female,1982/12/12,China,AC6833222,Wall Stree 073,hogehoge_73@customer.com,000-0000-0073,drinking
74,Baily Ainley,Female,1982/12/13,China,AC6916791,Wall Stree 074,hogehoge_74@customer.com,000-0000-0074,drinking
75,Baleigh Ainsley,Female,1982/12/14,China,AC7000360,Wall Stree 075,hogehoge_75@customer.com,000-0000-0075,drinking
76,Ellie Ainslie,Female,1982/12/15,China,AC7083929,Wall Stree 076,hogehoge_76@customer.com,000-0000-0076,drinking
77,Ellisa Ainsworth,Female,1982/12/16,China,AC7167498,Wall Stree 077,hogehoge_77@customer.com,000-0000-0077,drinking
78,Ellison Airey,Female,1982/12/17,China,AC7251067,Wall Stree 078,hogehoge_78@customer.com,000-0000-0078,drinking
79,Elly Airington,Female,1982/12/18,China,AC7334636,Wall Stree 079,hogehoge_79@customer.com,000-0000-0079,drinking
80,Ellyn Aiton,Female,1982/12/19,China,AC7418205,Wall Stree 080,hogehoge_80@customer.com,000-0000-0080,drinking
81,Elmina Ake,Female,1982/12/20,China,AC7501774,Wall Stree 081,hogehoge_81@customer.com,000-0000-0081,drinking
82,Elodie Akehurst,Female,1982/12/21,China,AC7585343,Wall Stree 082,hogehoge_82@customer.com,000-0000-0082,drinking
83,Elva Akeley,Female,1982/12/22,China,AC7668912,Wall Stree 083,hogehoge_83@customer.com,000-0000-0083,drinking
84,Elvia Akerley,Female,1982/12/23,China,AC7752481,Wall Stree 084,hogehoge_84@customer.com,000-0000-0084,drinking
85,Elvie Akers,Female,1982/12/24,China,AC7836050,Wall Stree 085,hogehoge_85@customer.com,000-0000-0085,drinking
86,Elvina Akes,Female,1982/12/25,China,AC7919619,Wall Stree 086,hogehoge_86@customer.com,000-0000-0086,drinking
87,Elysa Akey,Female,1982/12/26,China,AC8003188,Wall Stree 087,hogehoge_87@customer.com,000-0000-0087,drinking
88,Elyse Akin,Female,1982/12/27,China,AC8086757,Wall Stree 088,hogehoge_88@customer.com,000-0000-0088,drinking
89,Elyssa Alan,Female,1982/12/28,China,AC8170326,Wall Stree 089,hogehoge_89@customer.com,000-0000-0089,drinking
90,Emilee Alban,Female,1982/12/29,China,AC8253895,Wall Stree 090,hogehoge_90@customer.com,000-0000-0090,drinking
91,Emileigh Albany,Female,1982/12/30,China,AC8337464,Wall Stree 091,hogehoge_91@customer.com,000-0000-0091,drinking
92,Emiley Albert,Female,1982/12/31,China,AC8421033,Wall Stree 092,hogehoge_92@customer.com,000-0000-0092,drinking
93,Emili Alberts,Female,1983/1/1,China,AC8504602,Wall Stree 093,hogehoge_93@customer.com,000-0000-0093,drinking
94,Emilie Albin,Female,1983/1/2,China,DC1903938,Wall Stree 094,hogehoge_94@customer.com,000-0000-0094,drinking
95,Emilly Alborn,Female,1983/1/3,China,DC1203003,Wall Stree 095,hogehoge_95@customer.com,000-0000-0095,drinking
96,Emily Albright,Female,1983/1/4,China,DC2502068,Wall Stree 096,hogehoge_96@customer.com,000-0000-0096,drinking
97,Emma Albro,Female,1983/1/5,China,DC3801133,Wall Stree 097,hogehoge_97@customer.com,000-0000-0097,drinking
98,Emmily Albury,Female,1983/1/6,China,DC5100198,Wall Stree 098,hogehoge_98@customer.com,000-0000-0098,drinking
99,Enchantra Alcock,Female,1983/1/7,China,DC6399263,Wall Stree 099,hogehoge_99@customer.com,000-0000-0099,drinking
100,Eppie Alcott,Female,1983/1/8,China,DC7698328,Wall Stree 100,hogehoge_100@customer.com,000-0000-0100,drinking
101,Kendal Alday,Female,1983/1/9,China,DC8997393,Wall Stree 101,hogehoge_101@customer.com,000-0000-0101,drinking
102,Kendall Alden,Female,1983/1/10,China,DC1289892,Wall Stree 102,hogehoge_102@customer.com,000-0000-0102,drinking
103,Kendra Alder,Female,1983/1/11,Singapore,DC1298839,Wall Stree 103,hogehoge_103@customer.com,000-0000-0103,drinking
104,Kendria Alderman,Female,1983/1/12,Singapore,DC1307786,Wall Stree 104,hogehoge_104@customer.com,000-0000-0104,drinking
105,Kendyl Alders,Female,1983/1/13,Singapore,DC1316733,Wall Stree 105,hogehoge_105@customer.com,000-0000-0105,drinking
106,Kendyll Alderson,Female,1983/1/14,Singapore,DC1325680,Wall Stree 106,hogehoge_106@customer.com,000-0000-0106,drinking
107,Kenenza Alderton,Female,1983/1/15,Singapore,DC1334627,Wall Stree 107,hogehoge_107@customer.com,000-0000-0107,drinking
108,Kenise Aldis,Female,1983/1/16,Singapore,DC1343574,Wall Stree 108,hogehoge_108@customer.com,000-0000-0108,drinking
109,Khimberly Aldous,Female,1983/1/17,Singapore,DC1352521,Wall Stree 109,hogehoge_109@customer.com,000-0000-0109,drinking
110,Kim Aldred,Female,1983/1/18,Singapore,DC1361468,Wall Stree 110,hogehoge_110@customer.com,000-0000-0110,drinking
111,Kimbalee Aldredge,Female,1983/1/19,Singapore,DC1370415,Wall Stree 111,hogehoge_111@customer.com,000-0000-0111,drinking
112,Kimber Aldrich,Female,1983/1/20,Singapore,DC1379362,Wall Stree 112,hogehoge_112@customer.com,000-0000-0112,drinking
113,Kimberlee Aldridge,Female,1983/1/21,Singapore,DC1388309,Wall Stree 113,hogehoge_113@customer.com,000-0000-0113,drinking
114,Kimberley Ale,Female,1983/1/22,Singapore,DC1397256,Wall Stree 114,hogehoge_114@customer.com,000-0000-0114,drinking
115,Kimberli Aleck,Female,1983/1/23,Singapore,DC1406203,Wall Stree 115,hogehoge_115@customer.com,000-0000-0115,drinking
116,Kimberlie Alewine,Female,1983/1/24,Singapore,DC1415150,Wall Stree 116,hogehoge_116@customer.com,000-0000-0116,drinking
117,Kimberlin Alexander,Female,1983/1/25,Singapore,DC1424097,Wall Stree 117,hogehoge_117@customer.com,000-0000-0117,drinking
118,Kimberly Aley,Female,1983/1/26,Singapore,DC1433044,Wall Stree 118,hogehoge_118@customer.com,000-0000-0118,drinking
119,Kimberlyn Alford,Female,1983/1/27,Taiwan,DC1441991,Wall Stree 119,hogehoge_119@customer.com,000-0000-0119,drinking
120,Kimberlynn Alfred,Female,1983/1/28,Taiwan,DC1450938,Wall Stree 120,hogehoge_120@customer.com,000-0000-0120,drinking
121,Kimmie Alfrey,Female,1983/1/29,Taiwan,DC1459885,Wall Stree 121,hogehoge_121@customer.com,000-0000-0121,drinking
122,Kimmy Alger,Female,1983/1/30,Taiwan,DC1468832,Wall Stree 122,hogehoge_122@customer.com,000-0000-0122,drinking
123,Kindra Algood,Female,1983/1/31,Taiwan,DC1477779,Wall Stree 123,hogehoge_123@customer.com,000-0000-0123,drinking
124,Kinsey Aliff,Female,1983/2/1,Taiwan,DC1486726,Wall Stree 124,hogehoge_124@customer.com,000-0000-0124,drinking
125,Kinzie Alison,Female,1983/2/2,Taiwan,DC1495673,Wall Stree 125,hogehoge_125@customer.com,000-0000-0125,drinking
126,Aaron Alkins,Male,1983/2/3,Taiwan,DC1504620,Wall Stree 126,hogehoge_126@customer.com,000-0000-0126,drinking
127,Abbott All,Male,1983/2/4,Japan,DC1513567,Wall Stree 127,hogehoge_127@customer.com,000-0000-0127,drinking
128,Abel Allam,Male,1983/2/5,Japan,DC1522514,Wall Stree 128,hogehoge_128@customer.com,000-0000-0128,drinking
129,Abner Allan,Male,1983/2/6,Japan,DC1531461,Wall Stree 129,hogehoge_129@customer.com,000-0000-0129,drinking
130,Abraham Allanson,Male,1983/2/7,Japan,DC1540408,Wall Stree 130,hogehoge_130@customer.com,000-0000-0130,drinking
131,Adam Allard,Male,1983/2/8,Japan,DC1549355,Wall Stree 131,hogehoge_131@customer.com,000-0000-0131,drinking
132,Addison Allcock,Male,1983/2/9,Japan,DC1558302,Wall Stree 132,hogehoge_132@customer.com,000-0000-0132,drinking
133,Adler Allcorn,Male,1983/2/10,Japan,DC1567249,Wall Stree 133,hogehoge_133@customer.com,000-0000-0133,drinking
134,Adley Allday,Male,1983/2/11,Japan,DC1576196,Wall Stree 134,hogehoge_134@customer.com,000-0000-0134,drinking
135,Adrian, Adrien Allee,Male,1983/2/12,Japan,DC1585143,hogehoge_135@customer.com,000-0000-0135,drinking
136,Aedan, Aiden Allen,Male,1983/2/13,Japan,DC1594090,hogehoge_136@customer.com,000-0000-0136,drinking
137,Aiken Allender,Male,1983/2/14,Japan,DC1603037,Wall Stree 137,hogehoge_137@customer.com,000-0000-0137,drinking
138,Alan, Allan Allenson,Male,1983/2/15,USA,DC1611984,hogehoge_138@customer.com,000-0000-0138,drinking
139,Alastair Allerton,Male,1983/2/16,USA,DC1620931,Wall Stree 139,hogehoge_139@customer.com,000-0000-0139,drinking
140,Albern Alles,Male,1983/2/17,USA,DC1629878,Wall Stree 140,hogehoge_140@customer.com,000-0000-0140,drinking
141,Albert Alley,Male,1983/2/18,USA,DC1638825,Wall Stree 141,hogehoge_141@customer.com,000-0000-0141,drinking
142,Albion Alleyne,Male,1983/2/19,USA,DC1647772,Wall Stree 142,hogehoge_142@customer.com,000-0000-0142,drinking
143,Alden Allford,Male,1983/2/20,USA,DC1656719,Wall Stree 143,hogehoge_143@customer.com,000-0000-0143,drinking
144,Aldis Allgood,Male,1983/2/21,USA,DC1665666,Wall Stree 144,hogehoge_144@customer.com,000-0000-0144,drinking
145,Aldrich Allie,Male,1983/2/22,USA,DC1674613,Wall Stree 145,hogehoge_145@customer.com,000-0000-0145,drinking
146,Alexander Alligood,Male,1983/2/23,USA,DC1683560,Wall Stree 146,hogehoge_146@customer.com,000-0000-0146,drinking
147,Alfie Allin,Male,1983/2/24,USA,DC1692507,Wall Stree 147,hogehoge_147@customer.com,000-0000-0147,drinking
148,Alfred Alling,Male,1983/2/25,USA,DC1701454,Wall Stree 148,hogehoge_148@customer.com,000-0000-0148,drinking
149,Algernon Allingham,Male,1983/2/26,USA,DC1710401,Wall Stree 149,hogehoge_149@customer.com,000-0000-0149,drinking
150,Alston Allington,Male,1983/2/27,USA,DC1719348,Wall Stree 150,hogehoge_150@customer.com,000-0000-0150,drinking
151,Alton Allinson,Male,1983/2/28,USA,DC1728295,Wall Stree 151,hogehoge_151@customer.com,000-0000-0151,drinking
152,Alvin Allis,Male,1983/3/1,USA,DC1737242,Wall Stree 152,hogehoge_152@customer.com,000-0000-0152,drinking
153,Ambrose Allison,Male,1983/3/2,USA,DC1746189,Wall Stree 153,hogehoge_153@customer.com,000-0000-0153,drinking
154,Amery Alliston,Male,1983/3/3,USA,DC1755136,Wall Stree 154,hogehoge_154@customer.com,000-0000-0154,drinking
155,Amos Allman,Male,1983/3/4,USA,DC1764083,Wall Stree 155,hogehoge_155@customer.com,000-0000-0155,drinking
156,Andrew Allmand,Male,1983/3/5,USA,DC1773030,Wall Stree 156,hogehoge_156@customer.com,000-0000-0156,drinking
157,Angus Allmond,Male,1983/3/6,USA,DC1781977,Wall Stree 157,hogehoge_157@customer.com,000-0000-0157,drinking
158,Ansel Allnutt,Male,1983/3/7,USA,DC1790924,Wall Stree 158,hogehoge_158@customer.com,000-0000-0158,drinking
159,Anthony Alloway,Male,1983/3/8,USA,DC1799871,Wall Stree 159,hogehoge_159@customer.com,000-0000-0159,drinking
160,Archer Allport,Male,1983/3/9,USA,DC1808818,Wall Stree 160,hogehoge_160@customer.com,000-0000-0160,drinking
161,Archibald Allread,Male,1983/3/10,USA,DC1817765,Wall Stree 161,hogehoge_161@customer.com,000-0000-0161,drinking
162,Arlen Allred,Male,1983/3/11,China,DC1826712,Wall Stree 162,hogehoge_162@customer.com,000-0000-0162,drinking
163,Arnold Alls,Male,1983/3/12,China,DC1835659,Wall Stree 163,hogehoge_163@customer.com,000-0000-0163,drinking
164,Arthur, Art Allsbrook,Male,1983/3/13,China,DC1844606,hogehoge_164@customer.com,000-0000-0164,drinking
165,Arvel Allsop,Male,1983/3/14,China,DC1853553,Wall Stree 165,hogehoge_165@customer.com,000-0000-0165,drinking
166,Atwater Allsopp,Male,1983/3/15,China,DC1862500,Wall Stree 166,hogehoge_166@customer.com,000-0000-0166,drinking
167,Atwood Allston,Male,1983/3/16,China,DC1871447,Wall Stree 167,hogehoge_167@customer.com,000-0000-0167,drinking
168,Aubrey Allsup,Male,1983/3/17,China,DC1880394,Wall Stree 168,hogehoge_168@customer.com,000-0000-0168,drinking
169,Austin Allton,Male,1983/3/18,China,DC1889341,Wall Stree 169,hogehoge_169@customer.com,000-0000-0169,drinking
170,Avery Alltop,Male,1983/3/19,China,DC1898288,Wall Stree 170,hogehoge_170@customer.com,000-0000-0170,drinking
171,Axel Allum,Male,1983/3/20,China,DC1907235,Wall Stree 171,hogehoge_171@customer.com,000-0000-0171,drinking
172,Baird Allums,Male,1983/3/21,China,DC1916182,Wall Stree 172,hogehoge_172@customer.com,000-0000-0172,drinking
173,Baldwin Allwood,Male,1983/3/22,China,DC1925129,Wall Stree 173,hogehoge_173@customer.com,000-0000-0173,drinking
174,Barclay Ally,Male,1983/3/23,China,DC1934076,Wall Stree 174,hogehoge_174@customer.com,000-0000-0174,drinking
175,Barnaby Allyn,Male,1983/3/24,China,DC1943023,Wall Stree 175,hogehoge_175@customer.com,000-0000-0175,drinking
176,Baron Alman,Male,1983/3/25,China,DC1951970,Wall Stree 176,hogehoge_176@customer.com,000-0000-0176,drinking
177,Barrett Almond,Male,1983/3/26,China,DC1960917,Wall Stree 177,hogehoge_177@customer.com,000-0000-0177,drinking
178,Barry Almy,Male,1983/3/27,China,DC1969864,Wall Stree 178,hogehoge_178@customer.com,000-0000-0178,drinking
179,Bartholomew Alred,Male,1983/3/28,China,DC1978811,Wall Stree 179,hogehoge_179@customer.com,000-0000-0179,drinking
180,Basil Alridge,Male,1983/3/29,China,DC1987758,Wall Stree 180,hogehoge_180@customer.com,000-0000-0180,drinking
181,Benedict Alsbrook,Male,1983/3/30,China,DC1996705,Wall Stree 181,hogehoge_181@customer.com,000-0000-0181,drinking
182,Benjamin Alsbury,Male,1983/3/31,China,DC2005652,Wall Stree 182,hogehoge_182@customer.com,000-0000-0182,drinking
183,Benton Alsip,Male,1983/4/1,China,DC2014599,Wall Stree 183,hogehoge_183@customer.com,000-0000-0183,drinking
184,Bernard Alsobrook,Male,1983/4/2,China,DC2023546,Wall Stree 184,hogehoge_184@customer.com,000-0000-0184,drinking
185,Bert Alsop,Male,1983/4/3,China,DC2032493,Wall Stree 185,hogehoge_185@customer.com,000-0000-0185,drinking
186,Bevis Alston,Male,1983/4/4,China,DC2041440,Wall Stree 186,hogehoge_186@customer.com,000-0000-0186,drinking
187,Blaine Alsup,Male,1983/4/5,China,DC2050387,Wall Stree 187,hogehoge_187@customer.com,000-0000-0187,drinking
188,Blair Alton,Male,1983/4/6,China,DC2059334,Wall Stree 188,hogehoge_188@customer.com,000-0000-0188,drinking
189,Blake Alvey,Male,1983/4/7,China,DC2068281,Wall Stree 189,hogehoge_189@customer.com,000-0000-0189,drinking
190,Bond Alvin,Male,1983/4/8,India,DC2077228,Wall Stree 190,hogehoge_190@customer.com,000-0000-0190,drinking
191,Boris Alvis,Male,1983/4/9,India,DC2086175,Wall Stree 191,hogehoge_191@customer.com,000-0000-0191,drinking
192,Bowen Alvord,Male,1983/4/10,India,DC2095122,Wall Stree 192,hogehoge_192@customer.com,000-0000-0192,drinking
193,Braden Alward,Male,1983/4/11,India,DC2104069,Wall Stree 193,hogehoge_193@customer.com,000-0000-0193,drinking
194,Bradley Alway,Male,1983/4/12,India,DC2113016,Wall Stree 194,hogehoge_194@customer.com,000-0000-0194,drinking
195,Brandan, Brendan, Brendon Alwin,Male,1983/4/13,India,hogehoge_195@customer.com,000-0000-0195,drinking
196,Brent Alwood,Male,1983/4/14,India,DC2130910,Wall Stree 196,hogehoge_196@customer.com,000-0000-0196,drinking
197,Bret, Brett Alworth,Male,1983/4/15,India,DC2139857,hogehoge_197@customer.com,000-0000-0197,drinking
198,Brian Amason,Male,1983/4/16,India,DC2148804,Wall Stree 198,hogehoge_198@customer.com,000-0000-0198,drinking
199,Brice Amber,Male,1983/4/17,India,DC2157751,Wall Stree 199,hogehoge_199@customer.com,000-0000-0199,drinking
200,Brigham Amberson,Male,1983/4/18,India,DC2166698,Wall Stree 200,hogehoge_200@customer.com,000-0000-0200,drinking
201,Brock Ambler,Male,1983/4/19,India,DC2175645,Wall Stree 201,hogehoge_201@customer.com,000-0000-0201,drinking
202,Broderick Ambrose,Male,1983/4/20,India,DC2184592,Wall Stree 202,hogehoge_202@customer.com,000-0000-0202,drinking
203,Brooke Ament,Male,1983/4/21,India,DC2193539,Wall Stree 203,hogehoge_203@customer.com,000-0000-0203,drinking
204,Bruce Amerson,Male,1983/4/22,India,DC2202486,Wall Stree 204,hogehoge_204@customer.com,000-0000-0204,drinking
205,Bruno Ames,Male,1983/4/23,India,DC2211433,Wall Stree 205,hogehoge_205@customer.com,000-0000-0205,drinking
206,Bryant Amesbury,Male,1983/4/24,India,DC2220380,Wall Stree 206,hogehoge_206@customer.com,000-0000-0206,drinking
207,Buck Amey,Male,1983/4/25,India,DC2229327,Wall Stree 207,hogehoge_207@customer.com,000-0000-0207,drinking
208,Bud Amis,Male,1983/4/26,India,DC2238274,Wall Stree 208,hogehoge_208@customer.com,000-0000-0208,drinking
209,Burgess Amison,Male,1983/4/27,India,DC2247221,Wall Stree 209,hogehoge_209@customer.com,000-0000-0209,drinking
210,Burton Ammon,Male,1983/4/28,India,DC2256168,Wall Stree 210,hogehoge_210@customer.com,000-0000-0210,drinking
211,Byron Amond,Male,1983/4/29,India,DC2265115,Wall Stree 211,hogehoge_211@customer.com,000-0000-0211,drinking
212,Cadman Amor,Male,1983/4/30,India,DC2274062,Wall Stree 212,hogehoge_212@customer.com,000-0000-0212,drinking
213,Calvert Amory,Male,1983/5/1,India,DC2283009,Wall Stree 213,hogehoge_213@customer.com,000-0000-0213,drinking
214,Caldwell Amos,Male,1983/5/2,India,DC2291956,Wall Stree 214,hogehoge_214@customer.com,000-0000-0214,drinking
215,Caleb Amsden,Male,1983/5/3,India,DC2300903,Wall Stree 215,hogehoge_215@customer.com,000-0000-0215,drinking
216,Calvin Anable,Male,1983/5/4,India,DC2309850,Wall Stree 216,hogehoge_216@customer.com,000-0000-0216,drinking
217,Carrick Ancell,Male,1983/5/5,India,DC2318797,Wall Stree 217,hogehoge_217@customer.com,000-0000-0217,drinking
218,Carl Anchors,Male,1983/5/6,India,DC2327744,Wall Stree 218,hogehoge_218@customer.com,000-0000-0218,drinking
219,Carlton Anctil,Male,1983/5/7,India,DC2336691,Wall Stree 219,hogehoge_219@customer.com,000-0000-0219,drinking
220,Carney Anderson,Male,1983/5/8,India,DC2345638,Wall Stree 220,hogehoge_220@customer.com,000-0000-0220,drinking
221,Carroll Anderton,Male,1983/5/9,India,DC2354585,Wall Stree 221,hogehoge_221@customer.com,000-0000-0221,drinking
222,Carter Andrew,Male,1983/5/10,USA,DC2363532,Wall Stree 222,hogehoge_222@customer.com,000-0000-0222,drinking
223,Carver Andrews,Male,1983/5/11,USA,DC2372479,Wall Stree 223,hogehoge_223@customer.com,000-0000-0223,drinking
224,Cary Andros,Male,1983/5/12,USA,DC2381426,Wall Stree 224,hogehoge_224@customer.com,000-0000-0224,drinking
225,Casey Andrus,Male,1983/5/13,USA,DC2390373,Wall Stree 225,hogehoge_225@customer.com,000-0000-0225,drinking
226,Casper Andry,Male,1983/5/14,USA,DC2399320,Wall Stree 226,hogehoge_226@customer.com,000-0000-0226,drinking
227,Cecil Aney,Male,1983/5/15,USA,DC2408267,Wall Stree 227,hogehoge_227@customer.com,000-0000-0227,drinking
228,Cedric Angel,Male,1983/5/16,USA,DC2417214,Wall Stree 228,hogehoge_228@customer.com,000-0000-0228,drinking
229,Chad, Chadwick Anger,Male,1983/5/17,USA,DC2426161,hogehoge_229@customer.com,000-0000-0229,drinking
230,Chalmers Angers,Male,1983/5/18,USA,DC2435108,Wall Stree 230,hogehoge_230@customer.com,000-0000-0230,drinking
231,Chandler Angevine,Male,1983/5/19,USA,DC2444055,Wall Stree 231,hogehoge_231@customer.com,000-0000-0231,drinking
232,Channing Angier,Male,1983/5/20,USA,DC2453002,Wall Stree 232,hogehoge_232@customer.com,000-0000-0232,drinking
233,Chapman Angle,Male,1983/5/21,USA,DC2461949,Wall Stree 233,hogehoge_233@customer.com,000-0000-0233,drinking
234,Charles Angleton,Male,1983/5/22,USA,DC2470896,Wall Stree 234,hogehoge_234@customer.com,000-0000-0234,drinking
235,Chatwin Angley,Male,1983/5/23,USA,DC2479843,Wall Stree 235,hogehoge_235@customer.com,000-0000-0235,drinking
236,Chester Anguish,Male,1989/9/20,USA,DC2488790,Wall Stree 236,hogehoge_236@customer.com,000-0000-0236,drinking
237,Christian Angwin,Male,1989/9/21,USA,DC2497737,Wall Stree 237,hogehoge_237@customer.com,000-0000-0237,drinking
238,Christopher Anker,Male,1989/9/22,USA,DC2506684,Wall Stree 238,hogehoge_238@customer.com,000-0000-0238,drinking
239,Clarence Ann,Male,1989/9/23,USA,DC2515631,Wall Stree 239,hogehoge_239@customer.com,000-0000-0239,drinking
240,Claude Annable,Male,1989/9/24,USA,DC2524578,Wall Stree 240,hogehoge_240@customer.com,000-0000-0240,drinking
241,Clayton, Clay Annand,Male,1989/9/25,USA,DC2533525,hogehoge_241@customer.com,000-0000-0241,drinking
242,Clifford, Cliff Annas,Male,1989/9/26,USA,DC2542472,hogehoge_242@customer.com,000-0000-0242,drinking
243,Clive Anne,Male,1989/9/27,USA,DC2551419,Wall Stree 243,hogehoge_243@customer.com,000-0000-0243,drinking
244,Clyde Annear,Male,1989/9/28,USA,DC2560366,Wall Stree 244,hogehoge_244@customer.com,000-0000-0244,drinking
245,Coleman Anness,Male,1989/9/29,USA,DC2569313,Wall Stree 245,hogehoge_245@customer.com,000-0000-0245,drinking
246,Colin Annis,Male,1989/9/30,USA,DC2578260,Wall Stree 246,hogehoge_246@customer.com,000-0000-0246,drinking
247,Collier Ansel,Male,1989/10/1,USA,DC2587207,Wall Stree 247,hogehoge_247@customer.com,000-0000-0247,drinking
248,Conan Ansell,Male,1989/10/2,USA,DC2596154,Wall Stree 248,hogehoge_248@customer.com,000-0000-0248,drinking
249,Connell Anselm,Male,1989/10/3,Japan,DC2605101,Wall Stree 249,hogehoge_249@customer.com,000-0000-0249,drinking
250,Connor Ansley,Male,1989/10/4,Japan,DC2614048,Wall Stree 250,hogehoge_250@customer.com,000-0000-0250,drinking
251,Conrad Anslow,Male,1989/10/5,Japan,DC2622995,Wall Stree 251,hogehoge_251@customer.com,000-0000-0251,drinking
252,Conroy Anson,Male,1989/10/6,Japan,DC2631942,Wall Stree 252,hogehoge_252@customer.com,000-0000-0252,drinking
253,Conway Anstead,Male,1989/10/7,Japan,DC2640889,Wall Stree 253,hogehoge_253@customer.com,000-0000-0253,drinking
254,Corwin Ansted,Male,1989/10/8,Japan,DC2649836,Wall Stree 254,hogehoge_254@customer.com,000-0000-0254,drinking
255,Crispin Anstey,Male,1989/10/9,Japan,DC2658783,Wall Stree 255,hogehoge_255@customer.com,000-0000-0255,drinking
256,Crosby Antcliff,Male,1989/10/10,Japan,DC2667730,Wall Stree 256,hogehoge_256@customer.com,000-0000-0256,drinking
257,Culbert Antell,Male,1989/10/11,Japan,DC2676677,Wall Stree 257,hogehoge_257@customer.com,000-0000-0257,drinking
258,Culver Anthony,Male,1989/10/12,Japan,DC2685624,Wall Stree 258,hogehoge_258@customer.com,000-0000-0258,drinking
259,Curt Antil,Male,1989/10/13,Japan,DC2694571,Wall Stree 259,hogehoge_259@customer.com,000-0000-0259,drinking
260,Curtis Antill,Male,1989/10/14,Japan,DC2703518,Wall Stree 260,hogehoge_260@customer.com,000-0000-0260,drinking
261,Cuthbert Antle,Male,1989/10/15,Japan,DC2712465,Wall Stree 261,hogehoge_261@customer.com,000-0000-0261,reading
262,Craig Antley,Male,1989/10/16,Japan,DC2721412,Wall Stree 262,hogehoge_262@customer.com,000-0000-0262,reading
263,Cyril Antrobus,Male,1989/10/17,Japan,DC2730359,Wall Stree 263,hogehoge_263@customer.com,000-0000-0263,reading
264,Maddox Apland,Male,1989/10/18,Japan,WE2739306,Wall Stree 264,hogehoge_264@customer.com,000-0000-0264,reading
265,Magnus Apley,Male,1989/10/19,Japan,WE2748253,Wall Stree 265,hogehoge_265@customer.com,000-0000-0265,reading
266,Malcolm Aplin,Male,1989/10/20,Japan,WE2757200,Wall Stree 266,hogehoge_266@customer.com,000-0000-0266,reading
267,Melvin Apling,Male,1989/10/21,Japan,WE2766147,Wall Stree 267,hogehoge_267@customer.com,000-0000-0267,reading
268,Marcus Apple,Male,1989/10/22,Japan,WE2775094,Wall Stree 268,hogehoge_268@customer.com,000-0000-0268,reading
269,Mark, Marc Applebee,Male,1946/9/4,Japan,WE2784041,hogehoge_269@customer.com,000-0000-0269,reading
270,Marlon Appleberry,Male,1946/9/5,Japan,WE2792988,Wall Stree 270,hogehoge_270@customer.com,000-0000-0270,reading
271,Martin Appleby,Male,1946/9/6,Japan,WE2801935,Wall Stree 271,hogehoge_271@customer.com,000-0000-0271,reading
272,Marvin Applegarth,Male,1946/9/7,Japan,WE2810882,Wall Stree 272,hogehoge_272@customer.com,000-0000-0272,reading
273,Matthew Applegate,Male,1946/9/8,Japan,WE2819829,Wall Stree 273,hogehoge_273@customer.com,000-0000-0273,reading
274,Maurice Appleton,Male,1946/9/9,Japan,WE2828776,Wall Stree 274,hogehoge_274@customer.com,000-0000-0274,reading
275,Max, Maxwell Applewhite,Male,1946/9/10,India,WE2837723,hogehoge_275@customer.com,000-0000-0275,reading
276,Medwin Appley,Male,1946/9/11,India,WE2846670,Wall Stree 276,hogehoge_276@customer.com,000-0000-0276,reading
277,Melville Appleyard,Male,1946/9/12,India,WE2855617,Wall Stree 277,hogehoge_277@customer.com,000-0000-0277,reading
278,Merlin Applin,Male,1946/9/13,India,WE2864564,Wall Stree 278,hogehoge_278@customer.com,000-0000-0278,reading
279,Michael Appling,Male,1946/9/14,India,WE2873511,Wall Stree 279,hogehoge_279@customer.com,000-0000-0279,reading
280,Milburn Apps,Male,1946/9/15,India,WE2882458,Wall Stree 280,hogehoge_280@customer.com,000-0000-0280,reading
281,Miles Apsey,Male,1946/9/16,India,WE2891405,Wall Stree 281,hogehoge_281@customer.com,000-0000-0281,reading
282,Monroe Arber,Male,1946/9/17,India,WE2900352,Wall Stree 282,hogehoge_282@customer.com,000-0000-0282,reading
283,Montague Arbon,Male,1960/12/31,India,WE2909299,Wall Stree 283,hogehoge_283@customer.com,000-0000-0283,reading
284,Montgomery Arch,Male,1961/1/1,India,WE2918246,Wall Stree 284,hogehoge_284@customer.com,000-0000-0284,playing cards
285,Morgan Archbold,Male,1961/1/2,India,WE2927193,Wall Stree 285,hogehoge_285@customer.com,000-0000-0285,swimming
286,Morris Archdeacon,Male,1961/1/3,India,WE2936140,Wall Stree 286,hogehoge_286@customer.com,000-0000-0286,swimming
287,Morton Archer,Male,1961/1/4,India,WE2945087,Wall Stree 287,hogehoge_287@customer.com,000-0000-0287,swimming
288,Murray Archey,Male,1961/1/5,India,WE2954034,Wall Stree 288,hogehoge_288@customer.com,000-0000-0288,swimming
289,Nathaniel, Nathan Arden,Male,1961/1/6,India,WE2962981,hogehoge_289@customer.com,000-0000-0289,swimming
290,Neal Arendale,Male,1961/1/7,India,WE2971928,Wall Stree 290,hogehoge_290@customer.com,000-0000-0290,swimming
291,Neville Arendall,Male,1961/1/8,India,WE2980875,Wall Stree 291,hogehoge_291@customer.com,000-0000-0291,swimming
292,Nicholas Arey,Male,1961/1/9,India,WE2989822,Wall Stree 292,hogehoge_292@customer.com,000-0000-0292,swimming
293,Nigel Arford,Male,1961/1/10,India,WE2998769,Wall Stree 293,hogehoge_293@customer.com,000-0000-0293,swimming
294,Noel Argent,Male,1961/1/11,India,WE3007716,Wall Stree 294,hogehoge_294@customer.com,000-0000-0294,swimming
295,Norman Arington,Male,1961/1/12,India,WE3016663,Wall Stree 295,hogehoge_295@customer.com,000-0000-0295,swimming
296,Norris Arkell,Male,1961/1/13,South Africa,WE3025610,Wall Stree 296,hogehoge_296@customer.com,000-0000-0296,swimming
297,Olaf Arkwright,Male,1961/1/14,South Africa,WE3034557,Wall Stree 297,hogehoge_297@customer.com,000-0000-0297,swimming
298,Olin Arledge,Male,1961/1/15,Mexico,WE3043504,Wall Stree 298,hogehoge_298@customer.com,000-0000-0298,swimming
299,Oliver Arling,Male,1961/1/16,Mexico,WE3052451,Wall Stree 299,hogehoge_299@customer.com,000-0000-0299,swimming
300,Orson Arlington,Male,1961/1/17,Mexico,WE3061398,Wall Stree 300,hogehoge_300@customer.com,000-0000-0300,swimming
301,Oscar Cobbs,Male,1961/1/18,Mexico,WE3070345,Wall Stree 301,hogehoge_301@customer.com,000-0000-0301,swimming
302,Oswald Cobern,Male,1961/1/19,Mexico,WE3079292,Wall Stree 302,hogehoge_302@customer.com,000-0000-0302,swimming
303,Otis Cobey,Male,1961/1/20,Mexico,WE3088239,Wall Stree 303,hogehoge_303@customer.com,000-0000-0303,swimming
304,Owen Coble,Male,1961/1/21,Mexico,WE3097186,Wall Stree 304,hogehoge_304@customer.com,000-0000-0304,swimming
305,Paul Cobleigh,Male,1961/1/22,Mexico,WE3106133,Wall Stree 305,hogehoge_305@customer.com,000-0000-0305,swimming
306,Paxton Cobler,Male,1961/1/23,Mexico,WE3115080,Wall Stree 306,hogehoge_306@customer.com,000-0000-0306,swimming
307,Percival, Percy Coburn,Male,1961/1/24,Mexico,WE3124027,hogehoge_307@customer.com,000-0000-0307,swimming
308,Perry Coby,Male,1961/1/25,Mexico,WE3132974,Wall Stree 308,hogehoge_308@customer.com,000-0000-0308,swimming
309,Peter Cockayne,Male,1961/1/26,Mexico,WE3141921,Wall Stree 309,hogehoge_309@customer.com,000-0000-0309,swimming
310,Peyton Cockburn,Male,1961/1/27,Chili,WE3150868,Wall Stree 310,hogehoge_310@customer.com,000-0000-0310,swimming
311,Philbert Cockcroft,Male,1961/1/28,Chili,WE3159815,Wall Stree 311,hogehoge_311@customer.com,000-0000-0311,swimming
312,Philip Cocke,Male,1961/1/29,Chili,WE3168762,Wall Stree 312,hogehoge_312@customer.com,000-0000-0312,swimming
313,Phineas Cocker,Male,1961/1/30,Chili,WE3177709,Wall Stree 313,hogehoge_313@customer.com,000-0000-0313,swimming
314,Pierce Cockerell,Male,1961/1/31,Chili,IO3186656,Wall Stree 314,hogehoge_314@customer.com,000-0000-0314,swimming
315,Quade Cockerham,Male,1961/2/1,Chili,IO3195603,Wall Stree 315,hogehoge_315@customer.com,000-0000-0315,swimming
316,Quenby Cockerill,Male,1961/2/2,Chili,IO3204550,Wall Stree 316,hogehoge_316@customer.com,000-0000-0316,swimming
317,Quillan Cockett,Male,1961/2/3,Chili,IO3213497,Wall Stree 317,hogehoge_317@customer.com,000-0000-0317,swimming
318,Quimby Cockey,Male,1961/2/4,Chili,IO3222444,Wall Stree 318,hogehoge_318@customer.com,000-0000-0318,swimming
319,Quentin Cockfield,Male,1961/2/5,Chili,IO3231391,Wall Stree 319,hogehoge_319@customer.com,000-0000-0319,swimming
320,Quinby Cocking,Male,1961/2/6,Chili,IO3240338,Wall Stree 320,hogehoge_320@customer.com,000-0000-0320,swimming
321,Quincy Cocklin,Male,1961/2/7,Chili,IO3249285,Wall Stree 321,hogehoge_321@customer.com,000-0000-0321,swimming
322,Quinlan Cockman,Male,1961/2/8,Chili,IO3258232,Wall Stree 322,hogehoge_322@customer.com,000-0000-0322,swimming
323,Quinn Cockrell,Male,1961/2/9,Chili,IO3267179,Wall Stree 323,hogehoge_323@customer.com,000-0000-0323,swimming
324,Ralph Cockrill,Male,1961/2/10,Chili,IO3276126,Wall Stree 324,hogehoge_324@customer.com,000-0000-0324,swimming
325,Ramsey Cockroft,Male,1961/2/11,Chili,IO3285073,Wall Stree 325,hogehoge_325@customer.com,000-0000-0325,swimming
326,Randolph Cocks,Male,1961/2/12,Chili,IO3294020,Wall Stree 326,hogehoge_326@customer.com,000-0000-0326,swimming
327,Raymond Codd,Male,1975/9/8,Canada,IO3302967,Wall Stree 327,hogehoge_327@customer.com,000-0000-0327,swimming
328,Reginald Coddington,Male,1975/9/9,Canada,IO3311914,Wall Stree 328,hogehoge_328@customer.com,000-0000-0328,swimming
329,Renfred Code,Male,1975/9/10,Canada,IO3320861,Wall Stree 329,hogehoge_329@customer.com,000-0000-0329,swimming
330,Rex Codling,Male,1975/9/11,Canada,IO3329808,Wall Stree 330,hogehoge_330@customer.com,000-0000-0330,swimming
331,Rhett Codner,Male,1975/9/12,Canada,IO3338755,Wall Stree 331,hogehoge_331@customer.com,000-0000-0331,swimming
332,Richard Codrington,Male,1975/9/13,Canada,IO3347702,Wall Stree 332,hogehoge_332@customer.com,000-0000-0332,swimming
333,Ridley Coe,Male,1975/9/14,Canada,IO3356649,Wall Stree 333,hogehoge_333@customer.com,000-0000-0333,swimming
334,Riley Coey,Male,1975/9/15,Canada,IO3365596,Wall Stree 334,hogehoge_334@customer.com,000-0000-0334,swimming
335,Robert, Robin Coffer,Male,1975/9/16,Canada,IO3374543,hogehoge_335@customer.com,000-0000-0335,swimming
336,Roderick Coffield,Male,1975/9/17,Canada,IO3383490,Wall Stree 336,hogehoge_336@customer.com,000-0000-0336,swimming
337,Rodney Coffin,Male,1975/9/18,Canada,IO3392437,Wall Stree 337,hogehoge_337@customer.com,000-0000-0337,swimming
338,Roger Coffing,Male,1975/9/19,Canada,IO3401384,Wall Stree 338,hogehoge_338@customer.com,000-0000-0338,swimming
339,Roland Cofield,Male,1975/9/20,Canada,IO3410331,Wall Stree 339,hogehoge_339@customer.com,000-0000-0339,swimming
340,Rolf Cogar,Male,1975/9/21,Canada,IO3419278,Wall Stree 340,hogehoge_340@customer.com,000-0000-0340,swimming
341,Ronald Cogbill,Male,1975/9/22,Canada,IO3428225,Wall Stree 341,hogehoge_341@customer.com,000-0000-0341,swimming
342,Rory Cogburn,Male,1975/9/23,Canada,IO3437172,Wall Stree 342,hogehoge_342@customer.com,000-0000-0342,swimming
343,Ross Cogdell,Male,1975/9/24,Canada,IO3446119,Wall Stree 343,hogehoge_343@customer.com,000-0000-0343,swimming
344,Roswell Cogdill,Male,1975/9/25,Canada,IO3455066,Wall Stree 344,hogehoge_344@customer.com,000-0000-0344,swimming
345,Roy Cogger,Male,1975/9/26,Canada,IO3464013,Wall Stree 345,hogehoge_345@customer.com,000-0000-0345,swimming
346,Royce Coggeshall,Male,1975/9/27,Canada,IO3472960,Wall Stree 346,hogehoge_346@customer.com,000-0000-0346,swimming
347,Rufus Coghill,Male,1975/9/28,Canada,IO3481907,Wall Stree 347,hogehoge_347@customer.com,000-0000-0347,swimming
348,Rupert Cogswell,Male,1975/9/29,Canada,IO3490854,Wall Stree 348,hogehoge_348@customer.com,000-0000-0348,swimming
349,Russell Coiner,Male,1975/9/30,Canada,IO3499801,Wall Stree 349,hogehoge_349@customer.com,000-0000-0349,swimming
350,Ryan Coit,Male,1975/10/1,Canada,IO3508748,Wall Stree 350,hogehoge_350@customer.com,000-0000-0350,swimming
